Booking_ID,Customer_Type,Room_Type,Booking_Channel,Checkin_Date,Length_of_Stay,Revenue,Occupancy_Rate,Cancellation_Rate,Region
BK0001,Transient,Family,Direct,01-01-24,1,3916.83,96.21,10.72,South America
BK0002,Transient,Single,Agent,02-01-24,10,1487.54,61.52,23.38,Europe
BK0003,Corporate,Double,Online,03-01-24,6,989.75,68.98,25.07,South America
BK0004,Corporate,Double,Direct,04-01-24,4,1153.23,91.69,20.32,Australia
BK0005,Leisure,Family,Direct,05-01-24,1,1011.22,53.81,16.17,North America
BK0006,Leisure,Family,Agent,06-01-24,3,1129.69,84.81,8.88,South America
BK0007,Transient,Suite,Online,07-01-24,7,2367.01,68.03,8.51,Asia
BK0008,Group,Single,Agent,08-01-24,4,5073.12,59.11,27.52,North America
BK0009,Group,Suite,Agent,09-01-24,14,1693.12,92.69,3.62,Europe
BK0010,Leisure,Single,Direct,10-01-24,12,2316.78,70.38,26.31,Asia
BK0011,Group,Family,Agent,11-01-24,1,1112.86,73.18,17.66,South America
BK0012,Corporate,Single,Online,12-01-24,3,631.06,63.33,26.92,Europe
BK0013,Group,Family,Direct,13-01-24,4,1792.36,86.79,19.68,South America
BK0014,Leisure,Family,Direct,14-01-24,9,2058.11,83.61,14.89,South America
BK0015,Corporate,Double,Online,15-01-24,4,468.58,50.19,2.11,Europe
BK0016,Corporate,Single,Online,16-01-24,1,558.53,59.16,22.68,North America
BK0017,Transient,Suite,Online,17-01-24,4,2695.87,92.28,6.45,South America
BK0018,Group,Family,Direct,18-01-24,8,3931.22,87.48,6.73,Europe
BK0019,Transient,Family,Agent,19-01-24,14,4107.96,60.62,20.73,North America
BK0020,Leisure,Double,Direct,20-01-24,12,802.73,61.86,0.83,Europe
BK0021,Group,Family,Agent,21-01-24,4,452.18,78.56,18.23,South America
BK0022,Transient,Double,Online,22-01-24,12,5576.98,59.29,25.65,North America
BK0023,Group,Single,Online,23-01-24,14,2515.53,91.18,16.67,North America
BK0024,Transient,Single,Direct,24-01-24,10,2717.34,50.71,24.57,South America
BK0025,Leisure,Double,Online,25-01-24,8,884.39,91.35,24.34,North America
BK0026,Corporate,Double,Agent,26-01-24,10,293.18,75.39,14.89,North America
BK0027,Group,Double,Agent,27-01-24,1,1807.33,95.53,27.23,Asia
BK0028,Group,Double,Direct,28-01-24,6,257.26,61.54,19.74,South America
BK0029,Leisure,Suite,Direct,29-01-24,7,2869.85,67.43,17.5,South America
BK0030,Transient,Family,Direct,30-01-24,9,590.59,91.76,17.4,Australia
BK0031,Transient,Family,Direct,31-01-24,13,532.91,78.62,26.61,North America
BK0032,Corporate,Suite,Agent,01-02-24,5,608.16,52.86,16.66,North America
BK0033,Corporate,Single,Online,02-02-24,7,717.17,72.95,21.69,South America
BK0034,Group,Single,Direct,03-02-24,12,3928.41,93.69,21.22,Australia
BK0035,Group,Single,Agent,04-02-24,3,2995.37,95.42,24.18,Australia
BK0036,Leisure,Family,Direct,05-02-24,5,940.48,56.07,10.95,Asia
BK0037,Leisure,Single,Online,06-02-24,10,3080.53,72.24,14.61,North America
BK0038,Group,Family,Agent,07-02-24,3,1010.57,50.17,19.48,Australia
BK0039,Corporate,Double,Agent,08-02-24,12,3718.9,67.52,10.76,Australia
BK0040,Group,Suite,Agent,09-02-24,2,2365.84,97.96,20.26,Europe
BK0041,Group,Single,Online,10-02-24,7,2357.91,57.55,10.31,North America
BK0042,Corporate,Double,Agent,11-02-24,4,2260.86,58.65,12.4,Europe
BK0043,Corporate,Suite,Agent,12-02-24,2,265.17,51.75,17.33,Europe
BK0044,Transient,Family,Agent,13-02-24,4,259.45,85.16,12.01,North America
BK0045,Transient,Suite,Agent,14-02-24,5,1163.11,87.75,12.62,North America
BK0046,Transient,Family,Agent,15-02-24,3,2128.95,89.05,6.95,South America
BK0047,Leisure,Family,Direct,16-02-24,13,1098.56,60.46,6.35,Asia
BK0048,Group,Single,Agent,17-02-24,4,1726.17,68.61,10.41,Asia
BK0049,Group,Family,Agent,18-02-24,12,1327.86,95.4,22.07,Europe
BK0050,Corporate,Double,Online,19-02-24,6,201.26,50.28,23.47,South America
BK0051,Corporate,Double,Direct,20-02-24,3,1461.99,92.78,25.45,North America
BK0052,Leisure,Single,Direct,21-02-24,11,2008.17,92.32,13.14,Europe
BK0053,Leisure,Single,Agent,22-02-24,8,702.33,79.49,12.75,North America
BK0054,Transient,Suite,Direct,23-02-24,11,2252.73,98.6,22.95,Europe
BK0055,Corporate,Single,Direct,24-02-24,9,5010.71,78.55,13.65,South America
BK0056,Group,Family,Online,25-02-24,11,1499.25,59,0.23,North America
BK0057,Corporate,Suite,Direct,26-02-24,1,3124.78,83.9,14.13,Europe
BK0058,Corporate,Suite,Agent,27-02-24,14,1031.66,69.23,22.47,South America
BK0059,Leisure,Double,Online,28-02-24,6,494.31,96.58,26.72,Australia
BK0060,Group,Double,Online,29-02-24,12,435.06,50.31,5.29,North America
BK0061,Transient,Single,Direct,01-03-24,14,3291.6,59.65,8.85,South America
BK0062,Transient,Suite,Online,02-03-24,6,841.46,87.5,25.12,Asia
BK0063,Group,Single,Direct,03-03-24,13,1637.23,62.02,3.4,Australia
BK0064,Leisure,Double,Agent,04-03-24,14,2208.84,88.99,20.05,Europe
BK0065,Leisure,Suite,Direct,05-03-24,1,3090.14,93.12,9.48,Asia
BK0066,Leisure,Double,Agent,06-03-24,3,495.73,88.75,27.06,North America
BK0067,Leisure,Family,Agent,07-03-24,4,2986.87,89.54,27.87,North America
BK0068,Transient,Single,Direct,08-03-24,7,1170.67,85.14,25.9,Asia
BK0069,Group,Suite,Direct,09-03-24,14,130.46,85.33,25.42,Asia
BK0070,Leisure,Family,Direct,10-03-24,10,342.02,84.67,1.82,Asia
BK0071,Corporate,Suite,Agent,11-03-24,12,1570.18,70.87,29.93,North America
BK0072,Transient,Double,Online,12-03-24,2,1909.86,56.04,10.21,South America
BK0073,Transient,Suite,Direct,13-03-24,4,183.72,88.97,28.04,Asia
BK0074,Group,Double,Direct,14-03-24,11,211.39,64.17,5.77,Asia
BK0075,Group,Single,Agent,15-03-24,1,577.97,69.9,27.38,Europe
BK0076,Group,Suite,Agent,16-03-24,5,1605.71,72.53,14.95,Asia
BK0077,Corporate,Family,Agent,17-03-24,10,2701.36,74.96,23.08,Australia
BK0078,Transient,Family,Online,18-03-24,3,6417,63.52,15.64,Australia
BK0079,Leisure,Family,Online,19-03-24,7,3156.81,63.2,5.64,Asia
BK0080,Leisure,Double,Agent,20-03-24,3,1709.85,95.96,24.63,Australia
BK0081,Group,Single,Online,21-03-24,11,3894.86,65.26,13.19,South America
BK0082,Group,Single,Agent,22-03-24,3,3122.34,50.86,3.49,North America
BK0083,Group,Double,Agent,23-03-24,1,1204.57,74.16,25.47,Australia
BK0084,Corporate,Family,Agent,24-03-24,11,3051.76,86.2,4.93,Australia
BK0085,Group,Double,Online,25-03-24,6,1016.83,78.01,0.07,Europe
BK0086,Leisure,Family,Online,26-03-24,12,1729.97,93.93,24.37,Europe
BK0087,Corporate,Family,Online,27-03-24,9,6342.49,86.32,4.59,South America
BK0088,Transient,Family,Online,28-03-24,1,2912.87,67.73,4.79,Asia
BK0089,Corporate,Family,Online,29-03-24,8,362.54,56.12,24.33,Asia
BK0090,Corporate,Family,Online,30-03-24,4,1168.63,67.33,6.03,South America
BK0091,Transient,Double,Online,31-03-24,14,1596.29,98.14,21.01,North America
BK0092,Transient,Single,Agent,01-04-24,6,591.47,81.71,14.15,Asia
BK0093,Corporate,Family,Online,02-04-24,13,1909.11,96.48,12.98,Asia
BK0094,Corporate,Single,Agent,03-04-24,1,516.97,83.67,1.81,North America
BK0095,Corporate,Suite,Direct,04-04-24,4,1811.74,94.82,23.89,Asia
BK0096,Transient,Suite,Direct,05-04-24,11,414.73,73.46,3.24,Australia
BK0097,Corporate,Double,Online,06-04-24,8,2425.95,89.56,7.21,Europe
BK0098,Corporate,Family,Direct,07-04-24,4,5823.76,59.51,29.02,Australia
BK0099,Transient,Suite,Agent,08-04-24,10,1273.21,88.56,28.49,Europe
BK0100,Leisure,Single,Agent,09-04-24,7,5928.83,54.13,27.3,Australia
BK0101,Transient,Double,Online,10-04-24,13,857.09,66.61,28.03,North America
BK0102,Corporate,Family,Online,11-04-24,5,476.18,50.08,14.48,Europe
BK0103,Leisure,Double,Agent,12-04-24,13,2196.12,72.58,9.57,North America
BK0104,Corporate,Suite,Direct,13-04-24,3,395.63,95.96,28.95,South America
BK0105,Transient,Single,Agent,14-04-24,7,693.08,84.19,23.65,Asia
BK0106,Leisure,Single,Direct,15-04-24,8,2558.7,91.18,21.37,Australia
BK0107,Leisure,Single,Agent,16-04-24,3,1637.23,79.45,5.88,North America
BK0108,Leisure,Single,Direct,17-04-24,9,1301.62,62.69,17.72,Europe
BK0109,Leisure,Double,Direct,18-04-24,14,2553.09,97.05,0.72,South America
BK0110,Corporate,Double,Online,19-04-24,7,2930.54,67.7,19.61,North America
BK0111,Leisure,Single,Agent,20-04-24,2,2418.99,91.92,1.2,Australia
BK0112,Group,Family,Direct,21-04-24,12,2575.02,94.83,22.35,North America
BK0113,Transient,Double,Online,22-04-24,4,165.48,85.18,3.37,Asia
BK0114,Group,Single,Direct,23-04-24,4,4060.22,73.16,21.17,Asia
BK0115,Transient,Single,Agent,24-04-24,4,5487.28,79.34,0.99,South America
BK0116,Corporate,Double,Agent,25-04-24,6,3373.68,96.85,22.15,North America
BK0117,Leisure,Single,Direct,26-04-24,3,3027.99,74.77,17.1,South America
BK0118,Leisure,Double,Online,27-04-24,10,1434.23,71.75,5.15,North America
BK0119,Transient,Double,Agent,28-04-24,7,1136.24,92.22,13.97,North America
BK0120,Corporate,Suite,Agent,29-04-24,10,1315.37,81.05,12.05,Europe
BK0121,Corporate,Double,Direct,30-04-24,8,3761.81,68.19,13.06,South America
BK0122,Leisure,Double,Direct,01-05-24,10,5353.94,66.47,9.56,Europe
BK0123,Corporate,Suite,Direct,02-05-24,2,921.35,94.27,24.54,South America
BK0124,Group,Suite,Online,03-05-24,10,2662.46,94.43,9.49,South America
BK0125,Leisure,Family,Agent,04-05-24,13,1593.62,75.89,7.87,Asia
BK0126,Corporate,Single,Direct,05-05-24,8,990.15,67.66,21.98,Asia
BK0127,Corporate,Single,Agent,06-05-24,12,370.33,51.85,3.16,Europe
BK0128,Corporate,Family,Direct,07-05-24,9,236.54,75.98,16.03,Europe
BK0129,Group,Suite,Agent,08-05-24,10,3141.47,54.46,7.39,Europe
BK0130,Leisure,Single,Agent,09-05-24,1,1262.31,60.54,0.41,Europe
BK0131,Corporate,Suite,Direct,10-05-24,8,2382.61,58.81,7.33,North America
BK0132,Transient,Double,Direct,11-05-24,11,2364.5,89.72,6.79,North America
BK0133,Leisure,Double,Online,12-05-24,3,67.03,87.8,14.41,Asia
BK0134,Leisure,Single,Online,13-05-24,11,777.9,60.02,21.44,Europe
BK0135,Transient,Double,Direct,14-05-24,12,1762.34,91.91,27.49,Asia
BK0136,Corporate,Suite,Agent,15-05-24,2,530.59,79.8,22.77,Australia
BK0137,Leisure,Family,Direct,16-05-24,11,5953.49,63.19,10.8,Europe
BK0138,Leisure,Double,Agent,17-05-24,2,2987.29,72.6,1.69,North America
BK0139,Transient,Suite,Direct,18-05-24,2,1305.41,59.56,2.26,North America
BK0140,Leisure,Double,Direct,19-05-24,12,1462.18,76.37,10.16,Australia
BK0141,Group,Double,Agent,20-05-24,6,1276.29,99.53,9.79,Europe
BK0142,Leisure,Family,Online,21-05-24,14,1142.96,93.96,8.7,North America
BK0143,Corporate,Double,Online,22-05-24,8,1205.72,71.1,14.92,Asia
BK0144,Leisure,Suite,Agent,23-05-24,4,4483.25,57.86,6.72,South America
BK0145,Corporate,Single,Agent,24-05-24,5,2130.82,55,4.93,Asia
BK0146,Group,Single,Direct,25-05-24,10,436.23,61.49,5.1,Australia
BK0147,Leisure,Family,Agent,26-05-24,7,1025.54,80.23,19.03,Australia
BK0148,Leisure,Double,Agent,27-05-24,4,466.4,51.8,7.41,Australia
BK0149,Group,Suite,Online,28-05-24,2,3745.44,83.97,16.05,South America
BK0150,Corporate,Suite,Online,29-05-24,13,457.73,81.6,13.51,Australia
BK0151,Leisure,Double,Agent,30-05-24,12,3311.24,93.13,24.51,Europe
BK0152,Transient,Suite,Direct,31-05-24,6,4526.75,63.01,24.17,North America
BK0153,Corporate,Double,Direct,01-06-24,10,800.44,66.05,12.62,South America
BK0154,Corporate,Family,Agent,02-06-24,8,396.56,50.88,28.53,South America
BK0155,Leisure,Suite,Agent,03-06-24,1,3133.5,81.21,23.47,Europe
BK0156,Transient,Single,Agent,04-06-24,2,2289.48,81.13,10.49,Asia
BK0157,Leisure,Single,Agent,05-06-24,12,1519.86,78.09,18.04,Europe
BK0158,Transient,Family,Online,06-06-24,10,1153.68,91.75,0.81,Asia
BK0159,Leisure,Double,Direct,07-06-24,8,3700.54,73.85,9.29,Asia
BK0160,Group,Single,Online,08-06-24,14,617.87,89.92,25.18,Australia
BK0161,Group,Family,Agent,09-06-24,6,470.01,79.24,10.65,Asia
BK0162,Transient,Single,Direct,10-06-24,1,1772.48,80.91,21.56,South America
BK0163,Transient,Suite,Agent,11-06-24,12,1772.27,56.59,17.65,Europe
BK0164,Group,Family,Agent,12-06-24,11,632.53,56.34,28.42,South America
BK0165,Leisure,Double,Direct,13-06-24,3,1123.14,90.14,1.06,North America
BK0166,Transient,Single,Online,14-06-24,6,299.92,78.11,27.93,North America
BK0167,Group,Family,Agent,15-06-24,6,6790.44,99.67,24.54,Asia
BK0168,Corporate,Double,Direct,16-06-24,13,2536.75,67.17,21.79,North America
BK0169,Transient,Family,Agent,17-06-24,9,1402.11,61.87,22.39,North America
BK0170,Transient,Suite,Agent,18-06-24,2,1858.23,74.04,7.07,North America
BK0171,Corporate,Double,Agent,19-06-24,12,5172.6,54.96,1.66,Asia
BK0172,Corporate,Double,Agent,20-06-24,4,1757.94,52.14,13.26,South America
BK0173,Corporate,Double,Agent,21-06-24,5,2581.9,94.03,9.12,Asia
BK0174,Transient,Suite,Agent,22-06-24,1,6246.72,96.44,12.04,Asia
BK0175,Leisure,Single,Online,23-06-24,8,1445.57,89.37,17.92,Asia
BK0176,Group,Suite,Agent,24-06-24,8,1540.76,88.12,26.67,Asia
BK0177,Group,Suite,Online,25-06-24,8,572.53,98.54,13.09,Asia
BK0178,Corporate,Family,Direct,26-06-24,12,5413.73,65.09,9.86,Asia
BK0179,Corporate,Single,Direct,27-06-24,5,2147.43,83.48,27.28,South America
BK0180,Group,Double,Agent,28-06-24,7,3188.33,71.08,22.25,Australia
BK0181,Corporate,Family,Agent,29-06-24,8,3633.44,73.34,23.15,Asia
BK0182,Leisure,Suite,Online,30-06-24,14,531.75,67.71,29.22,North America
BK0183,Transient,Double,Online,01-07-24,1,4621.79,68.6,1.51,Europe
BK0184,Group,Double,Direct,02-07-24,3,365.89,82.58,7.66,Asia
BK0185,Corporate,Family,Direct,03-07-24,11,6076.97,63.87,4.62,Asia
BK0186,Transient,Suite,Online,04-07-24,4,1084.79,50.11,28.7,Europe
BK0187,Group,Suite,Direct,05-07-24,2,152.36,85.91,15.48,Australia
BK0188,Group,Double,Agent,06-07-24,6,833.91,68.61,17.89,Australia
BK0189,Transient,Suite,Direct,07-07-24,9,1477.17,54.64,14.8,South America
BK0190,Corporate,Family,Agent,08-07-24,4,3523.16,90.77,24.95,Australia
BK0191,Corporate,Single,Online,09-07-24,5,787.71,54.32,6.19,North America
BK0192,Leisure,Suite,Direct,10-07-24,12,1789.24,81.94,16.36,Australia
BK0193,Leisure,Single,Agent,11-07-24,12,1483.56,78.4,13.36,Europe
BK0194,Transient,Family,Online,12-07-24,13,5716.94,56.08,26.95,South America
BK0195,Leisure,Double,Online,13-07-24,9,590.3,94.73,23.3,Australia
BK0196,Corporate,Double,Online,14-07-24,5,718.35,83.13,8.23,Australia
BK0197,Transient,Family,Direct,15-07-24,3,1648.77,66.06,10.33,Australia
BK0198,Group,Suite,Online,16-07-24,3,637.35,50.08,20.6,Australia
BK0199,Group,Suite,Agent,17-07-24,10,457.82,72.49,25.99,Asia
BK0200,Group,Double,Online,18-07-24,10,202.15,76.98,8.94,Asia
BK0201,Group,Suite,Direct,19-07-24,9,6262.28,65.08,27.75,North America
BK0202,Transient,Family,Direct,20-07-24,8,329.95,78.16,23.89,South America
BK0203,Group,Single,Online,21-07-24,2,2615.62,95.46,12.99,South America
BK0204,Transient,Single,Agent,22-07-24,13,490.4,53.58,19.37,Australia
BK0205,Group,Family,Online,23-07-24,13,5722.5,54.99,19.14,South America
BK0206,Group,Single,Online,24-07-24,2,2626.88,79.52,7.39,Australia
BK0207,Group,Family,Direct,25-07-24,4,493.89,70.44,18.57,Europe
BK0208,Corporate,Single,Online,26-07-24,8,5265.84,52.06,0.49,South America
BK0209,Transient,Family,Direct,27-07-24,8,799.05,82.21,9.98,Australia
BK0210,Leisure,Single,Agent,28-07-24,3,2556.33,64.49,28.63,North America
BK0211,Group,Suite,Direct,29-07-24,8,1623.88,78.76,18.02,North America
BK0212,Corporate,Single,Online,30-07-24,8,2211.96,67.92,14.53,Australia
BK0213,Leisure,Family,Agent,31-07-24,9,1802.79,56.85,1.51,Australia
BK0214,Transient,Single,Agent,01-08-24,7,4131.3,65.33,27.6,South America
BK0215,Group,Single,Agent,02-08-24,12,4009.74,86.32,16.46,Australia
BK0216,Leisure,Double,Online,03-08-24,13,870.37,81.76,1.28,Australia
BK0217,Corporate,Suite,Online,04-08-24,9,4617.54,93.05,10.37,South America
BK0218,Transient,Double,Agent,05-08-24,12,2334.32,52.44,24.34,Europe
BK0219,Transient,Double,Online,06-08-24,12,950.15,58.49,14.24,Asia
BK0220,Transient,Single,Agent,07-08-24,13,659.2,79.29,17.66,South America
BK0221,Group,Double,Direct,08-08-24,1,982.87,51.86,13.48,Australia
BK0222,Group,Suite,Direct,09-08-24,5,2911.14,94.73,27.37,North America
BK0223,Group,Single,Agent,10-08-24,14,252.84,72.63,20.26,Europe
BK0224,Group,Suite,Direct,11-08-24,12,4244.92,80.91,26.65,Europe
BK0225,Corporate,Single,Direct,12-08-24,2,732.68,74.48,29.54,Asia
BK0226,Leisure,Double,Agent,13-08-24,8,3948.2,89.07,20.44,North America
BK0227,Leisure,Single,Online,14-08-24,13,1929.44,77.6,23.31,Asia
BK0228,Group,Family,Agent,15-08-24,3,270.23,74.82,8.49,Asia
BK0229,Leisure,Single,Online,16-08-24,13,6283.97,55.49,23.08,Australia
BK0230,Leisure,Suite,Agent,17-08-24,8,2588.82,54.42,17.07,Europe
BK0231,Transient,Family,Online,18-08-24,13,893.3,73.43,20.27,Europe
BK0232,Transient,Double,Online,19-08-24,14,2268.57,86.4,17.17,Europe
BK0233,Transient,Suite,Direct,20-08-24,14,321.26,62.42,23.2,Europe
BK0234,Transient,Family,Agent,21-08-24,11,680.68,81.39,8.46,Asia
BK0235,Transient,Family,Direct,22-08-24,12,933.68,60.93,14.2,Europe
BK0236,Corporate,Suite,Agent,23-08-24,11,1007.2,70.68,5.1,Asia
BK0237,Group,Family,Online,24-08-24,6,2301.65,67.08,29.79,Australia
BK0238,Group,Family,Online,25-08-24,7,2909.53,50.23,14.87,South America
BK0239,Corporate,Double,Online,26-08-24,11,5899.84,66.02,8.74,Asia
BK0240,Transient,Single,Agent,27-08-24,12,437.75,93.17,28.96,Asia
BK0241,Group,Family,Direct,28-08-24,3,350.57,99.2,25.84,Europe
BK0242,Corporate,Double,Online,29-08-24,6,1363.8,86.21,27.25,Europe
BK0243,Group,Double,Online,30-08-24,2,2617.11,99.09,14.62,South America
BK0244,Leisure,Double,Agent,31-08-24,13,899.31,69.32,6.4,North America
BK0245,Corporate,Double,Direct,01-09-24,5,2717.46,99.44,8.87,Asia
BK0246,Corporate,Single,Direct,02-09-24,11,1487.55,78.3,1.97,South America
BK0247,Corporate,Single,Direct,03-09-24,12,5727.27,85.02,28.04,North America
BK0248,Corporate,Double,Agent,04-09-24,5,1281.07,90.35,14.57,North America
BK0249,Corporate,Family,Online,05-09-24,6,715.36,58.43,25.27,Europe
BK0250,Corporate,Single,Online,06-09-24,10,4559.92,69.76,6.4,North America
BK0251,Transient,Single,Direct,07-09-24,9,355.89,99.79,12.04,South America
BK0252,Leisure,Single,Direct,08-09-24,4,1419.87,57.87,16.35,Europe
BK0253,Leisure,Single,Online,09-09-24,3,2163.95,65.57,13.64,North America
BK0254,Group,Double,Agent,10-09-24,1,981.14,95.65,4.71,Australia
BK0255,Leisure,Suite,Online,11-09-24,13,2971.04,56.6,1.88,Asia
BK0256,Transient,Family,Online,12-09-24,5,2953.29,93.1,6.5,Europe
BK0257,Transient,Suite,Online,13-09-24,3,745.33,76.76,5.17,North America
BK0258,Transient,Suite,Direct,14-09-24,4,354.36,95.64,6.41,North America
BK0259,Group,Double,Direct,15-09-24,6,1584.73,82.86,26.09,Asia
BK0260,Group,Double,Direct,16-09-24,7,173.99,72.98,24.05,Asia
BK0261,Leisure,Suite,Online,17-09-24,10,976,98.98,8.18,North America
BK0262,Transient,Double,Agent,18-09-24,3,1689.52,94.36,28.99,Europe
BK0263,Transient,Suite,Online,19-09-24,9,3557.97,97.96,7.97,North America
BK0264,Transient,Family,Agent,20-09-24,9,441.76,94.85,16.17,Australia
BK0265,Leisure,Single,Online,21-09-24,8,860.16,75.76,29.04,North America
BK0266,Transient,Suite,Direct,22-09-24,7,396.29,74.47,8.7,Europe
BK0267,Group,Family,Online,23-09-24,3,5606.95,73.23,19.94,Australia
BK0268,Leisure,Double,Direct,24-09-24,9,4260.56,89.35,0.71,South America
BK0269,Group,Single,Direct,25-09-24,14,4213.31,98.01,1.59,Asia
BK0270,Corporate,Family,Agent,26-09-24,9,160.15,64.88,10.81,Asia
BK0271,Transient,Single,Direct,27-09-24,13,1778.38,63.99,20.9,North America
BK0272,Corporate,Suite,Online,28-09-24,6,3646.89,58.56,23.09,South America
BK0273,Corporate,Double,Direct,29-09-24,12,372.87,66.68,9.01,North America
BK0274,Group,Double,Online,30-09-24,9,2838.75,80.93,14.83,North America
BK0275,Transient,Family,Agent,01-10-24,3,1461.92,56.59,8.9,South America
BK0276,Group,Suite,Agent,02-10-24,2,452.83,57.26,6.45,Asia
BK0277,Corporate,Suite,Direct,03-10-24,2,417.59,84.84,11.2,Europe
BK0278,Transient,Double,Direct,04-10-24,9,2365.98,72.81,0.22,South America
BK0279,Group,Family,Direct,05-10-24,14,338.6,80.55,27.8,Europe
BK0280,Group,Family,Online,06-10-24,14,4163.48,56.91,24.13,Europe
BK0281,Transient,Suite,Agent,07-10-24,12,919.93,72.97,5.14,North America
BK0282,Leisure,Suite,Agent,08-10-24,3,1620.01,99.96,7.44,South America
BK0283,Group,Family,Agent,09-10-24,6,2536.14,62.01,7.22,Australia
BK0284,Corporate,Single,Direct,10-10-24,12,2514.02,80.11,28.97,South America
BK0285,Group,Family,Online,11-10-24,12,443.96,90.56,22.63,Asia
BK0286,Corporate,Double,Agent,12-10-24,4,6962.61,87.1,29.82,North America
BK0287,Group,Suite,Direct,13-10-24,1,2826.07,51.66,26,Asia
BK0288,Leisure,Single,Direct,14-10-24,13,2861.85,98.89,18.08,North America
BK0289,Corporate,Single,Agent,15-10-24,5,3180.29,75.16,27.92,Australia
BK0290,Corporate,Single,Agent,16-10-24,6,2289.02,92.59,25.39,Asia
BK0291,Corporate,Single,Agent,17-10-24,11,2174.82,59.55,16.99,North America
BK0292,Transient,Suite,Online,18-10-24,14,2454.83,66.39,0.26,North America
BK0293,Group,Double,Direct,19-10-24,8,2254.65,79.65,3.22,Europe
BK0294,Corporate,Single,Direct,20-10-24,10,2075.53,76.24,0.88,Asia
BK0295,Group,Suite,Agent,21-10-24,12,1041.01,80.12,9.25,South America
BK0296,Transient,Double,Direct,22-10-24,13,3951,80.41,8.9,Australia
BK0297,Leisure,Suite,Agent,23-10-24,2,2496.5,78.78,17,Europe
BK0298,Group,Family,Agent,24-10-24,5,2752.33,97.75,0.33,South America
BK0299,Corporate,Family,Agent,25-10-24,8,4602.78,89.08,20.98,Asia
BK0300,Corporate,Suite,Online,26-10-24,2,273.93,81.95,22.29,North America
BK0301,Group,Single,Agent,27-10-24,10,4449.61,51.28,6.35,South America
BK0302,Group,Suite,Direct,28-10-24,4,959.79,61.29,22.5,North America
BK0303,Corporate,Double,Agent,29-10-24,2,976.35,94.17,3.25,North America
BK0304,Leisure,Single,Direct,30-10-24,7,4249.78,62.62,22.57,Australia
BK0305,Transient,Suite,Direct,31-10-24,12,1233.26,63.25,22.74,North America
BK0306,Leisure,Single,Online,01-11-24,10,2818.39,91.27,16.8,Europe
BK0307,Transient,Single,Online,02-11-24,7,4513.89,53.74,4.29,Europe
BK0308,Leisure,Double,Online,03-11-24,14,239.85,71.86,2.73,South America
BK0309,Group,Family,Online,04-11-24,13,3662.74,80.99,6.92,North America
BK0310,Group,Suite,Direct,05-11-24,14,330.45,81.6,27.37,South America
BK0311,Leisure,Single,Online,06-11-24,3,160.13,71.03,0.6,Australia
BK0312,Group,Family,Direct,07-11-24,5,4865.11,55.06,17.62,Europe
BK0313,Corporate,Double,Online,08-11-24,13,5259.11,65.25,22.13,Asia
BK0314,Transient,Family,Online,09-11-24,10,1576.31,95.96,10.15,South America
BK0315,Leisure,Suite,Direct,10-11-24,10,1518.5,82.78,17.57,Australia
BK0316,Group,Double,Online,11-11-24,13,2273.56,83.67,13.67,South America
BK0317,Corporate,Single,Online,12-11-24,8,508.78,79.4,15.22,Europe
BK0318,Transient,Suite,Direct,13-11-24,9,2779.95,75.82,25.61,North America
BK0319,Transient,Family,Direct,14-11-24,5,955.71,84.2,7.4,Europe
BK0320,Corporate,Single,Direct,15-11-24,1,2246.24,60.22,25.45,Asia
BK0321,Leisure,Suite,Agent,16-11-24,4,3105.75,71.86,10.93,Australia
BK0322,Leisure,Family,Agent,17-11-24,6,2076.03,80.4,0.4,North America
BK0323,Group,Family,Direct,18-11-24,1,4583.54,81.16,1.36,North America
BK0324,Corporate,Family,Agent,19-11-24,1,3982.18,60.12,7.21,Europe
BK0325,Transient,Family,Direct,20-11-24,5,93.01,85.03,12.61,Australia
BK0326,Corporate,Suite,Direct,21-11-24,3,1552.17,67.22,7.38,Asia
BK0327,Corporate,Double,Direct,22-11-24,4,526.67,85.4,17.84,Asia
BK0328,Group,Family,Direct,23-11-24,12,2465.04,53.07,14.65,North America
BK0329,Leisure,Double,Agent,24-11-24,4,569.15,56.45,2.72,Europe
BK0330,Group,Single,Agent,25-11-24,1,2718.96,80.53,27.76,Europe
BK0331,Group,Single,Agent,26-11-24,9,897.3,79.79,25.85,Australia
BK0332,Group,Suite,Agent,27-11-24,8,351.46,62.88,14.47,Europe
BK0333,Group,Family,Agent,28-11-24,3,2950.68,74.79,11.81,North America
BK0334,Group,Family,Direct,29-11-24,14,65.22,62.72,12.48,South America
BK0335,Transient,Double,Direct,30-11-24,10,3218.11,62.16,28.55,Europe
BK0336,Transient,Family,Online,01-12-24,1,403.57,83.17,17.29,South America
BK0337,Transient,Double,Online,02-12-24,10,863.42,82.65,15.92,South America
BK0338,Leisure,Family,Agent,03-12-24,7,4947.44,63.59,17.95,North America
BK0339,Corporate,Suite,Online,04-12-24,5,1593.97,93.46,20.48,Europe
BK0340,Corporate,Double,Online,05-12-24,3,318.35,75.97,9.88,Australia
BK0341,Group,Suite,Agent,06-12-24,1,704.72,95.83,1.31,South America
BK0342,Corporate,Single,Online,07-12-24,2,2096.85,89.3,23.75,Australia
BK0343,Group,Double,Direct,08-12-24,3,1230.38,60.1,7.2,Asia
BK0344,Corporate,Suite,Online,09-12-24,1,3727.73,60.68,3.28,North America
BK0345,Leisure,Double,Online,10-12-24,7,1068.12,85.34,25.57,Australia
BK0346,Corporate,Family,Direct,11-12-24,10,3360.98,90.95,18.62,Europe
BK0347,Group,Family,Online,12-12-24,5,4896.42,67.36,6.47,North America
BK0348,Group,Single,Online,13-12-24,12,1637.49,59.47,12.54,Australia
BK0349,Transient,Double,Direct,14-12-24,8,1719.75,88.23,29.2,Asia
BK0350,Leisure,Single,Direct,15-12-24,11,3769.95,65.5,14.17,North America
BK0351,Transient,Single,Agent,16-12-24,14,929.79,71.34,8.02,Australia
BK0352,Transient,Suite,Online,17-12-24,7,5102.31,54.03,2.03,South America
BK0353,Transient,Family,Direct,18-12-24,9,2874.61,96.23,22.71,South America
BK0354,Leisure,Family,Online,19-12-24,3,4302.31,92.11,1.47,Europe
BK0355,Leisure,Double,Direct,20-12-24,6,757.11,70.34,20.68,South America
BK0356,Corporate,Double,Direct,21-12-24,7,52.33,54.18,12.5,Europe
BK0357,Corporate,Family,Agent,22-12-24,11,649.82,87.42,20.55,Asia
BK0358,Group,Family,Agent,23-12-24,1,119.15,86.87,28.14,Australia
BK0359,Group,Double,Online,24-12-24,13,545.8,52.28,23.62,Australia
BK0360,Transient,Double,Online,25-12-24,7,321.29,51.9,27.51,Europe
BK0361,Group,Single,Online,26-12-24,6,4972.32,61.81,6.01,Asia
BK0362,Group,Suite,Online,27-12-24,6,2913.05,70.4,8.1,Europe
BK0363,Corporate,Family,Direct,28-12-24,6,1089.38,72.44,4.96,Europe
BK0364,Leisure,Double,Agent,29-12-24,3,1059.69,78.6,13.83,Europe
BK0365,Group,Suite,Online,30-12-24,10,2543.68,60.83,24.41,South America
BK0366,Transient,Suite,Agent,31-12-24,4,1597.21,71.83,14.54,Europe
BK0367,Corporate,Family,Direct,01-01-25,4,79.78,65.17,6.97,Australia
BK0368,Corporate,Double,Online,02-01-25,8,159.94,84.26,17.38,Asia
BK0369,Corporate,Family,Online,03-01-25,2,1282.3,67.37,25.39,North America
BK0370,Transient,Suite,Agent,04-01-25,6,2330.14,79.95,29.02,South America
BK0371,Corporate,Family,Online,05-01-25,10,1430.14,54.74,17.03,Asia
BK0372,Corporate,Single,Online,06-01-25,1,1525.16,97.2,4.98,Europe
BK0373,Corporate,Suite,Online,07-01-25,14,3655.92,98.34,24.44,Europe
BK0374,Corporate,Suite,Online,08-01-25,9,4517.36,99.41,17.53,Australia
BK0375,Group,Family,Agent,09-01-25,8,4595.53,59.35,6.21,North America
BK0376,Group,Suite,Online,10-01-25,3,777.86,67.5,5.54,South America
BK0377,Group,Family,Direct,11-01-25,11,2308.62,87.23,9.84,Asia
BK0378,Leisure,Double,Online,12-01-25,5,3628.99,89.38,23.54,South America
BK0379,Corporate,Double,Agent,13-01-25,2,1335.88,81.96,23.79,South America
BK0380,Leisure,Double,Agent,14-01-25,10,5105.58,85.2,8.44,South America
BK0381,Transient,Double,Online,15-01-25,9,78.16,58.01,0.22,Europe
BK0382,Transient,Suite,Online,16-01-25,4,1674.61,93.09,5.43,Asia
BK0383,Group,Single,Agent,17-01-25,6,3654.26,73.65,3.55,Australia
BK0384,Leisure,Single,Online,18-01-25,14,4789.81,55.4,29.2,Asia
BK0385,Group,Family,Online,19-01-25,1,1730.89,77.75,20.4,North America
BK0386,Leisure,Double,Agent,20-01-25,3,394.82,77.15,9.08,Australia
BK0387,Transient,Suite,Direct,21-01-25,1,973.97,63.09,11.94,Europe
BK0388,Leisure,Family,Agent,22-01-25,13,1928.26,59.28,26.57,Asia
BK0389,Corporate,Double,Agent,23-01-25,8,3344.61,80.52,21.78,South America
BK0390,Transient,Single,Direct,24-01-25,3,309.98,93.53,12.73,Australia
BK0391,Transient,Suite,Direct,25-01-25,4,1043.6,56.25,17.29,North America
BK0392,Group,Single,Direct,26-01-25,6,2168.6,88.54,7.78,Europe
BK0393,Leisure,Single,Agent,27-01-25,6,1379.17,75.63,9.9,Europe
BK0394,Transient,Double,Direct,28-01-25,11,410.82,69.22,22.02,North America
BK0395,Corporate,Single,Direct,29-01-25,7,5241.2,96.78,19.45,South America
BK0396,Corporate,Double,Online,30-01-25,8,6336.78,84.23,12.42,Australia
BK0397,Transient,Suite,Online,31-01-25,10,3145.46,63.51,29.11,North America
BK0398,Leisure,Double,Direct,01-02-25,12,2367.46,56.7,17.38,Australia
BK0399,Corporate,Suite,Direct,02-02-25,5,854.16,64.08,27.8,Asia
BK0400,Group,Family,Agent,03-02-25,9,570.96,59.62,0.81,North America
BK0401,Corporate,Suite,Agent,04-02-25,2,1880.4,95.16,19.15,Asia
BK0402,Corporate,Family,Agent,05-02-25,4,2184.5,68.53,2.15,North America
BK0403,Group,Double,Online,06-02-25,12,1987.32,97.97,10.61,Europe
BK0404,Leisure,Suite,Direct,07-02-25,14,1345.99,74.58,6.21,Australia
BK0405,Corporate,Suite,Agent,08-02-25,5,5224.49,92.94,24.4,South America
BK0406,Leisure,Suite,Online,09-02-25,14,832.03,91.84,16.98,Asia
BK0407,Group,Family,Direct,10-02-25,7,1718.5,52.67,26.69,South America
BK0408,Leisure,Single,Direct,11-02-25,9,1555.59,65.47,25.9,South America
BK0409,Transient,Double,Agent,12-02-25,6,4233.35,91.97,12.01,North America
BK0410,Transient,Double,Online,13-02-25,12,329.14,78.45,6.84,Australia
BK0411,Transient,Single,Agent,14-02-25,5,6011.79,52.47,16.1,Asia
BK0412,Group,Family,Direct,15-02-25,6,3703.1,94.29,13.85,Australia
BK0413,Transient,Family,Agent,16-02-25,2,4256.7,50.06,28.28,South America
BK0414,Transient,Single,Agent,17-02-25,5,1236.9,97.45,9.24,Europe
BK0415,Transient,Single,Agent,18-02-25,4,2187.58,75.1,4.44,Asia
BK0416,Group,Suite,Direct,19-02-25,2,4623.14,92.43,6.33,Australia
BK0417,Leisure,Family,Agent,20-02-25,2,1463.45,73.54,25.89,Australia
BK0418,Leisure,Suite,Direct,21-02-25,2,3040.4,94.4,26.64,Asia
BK0419,Corporate,Double,Agent,22-02-25,11,3054,88.52,26.88,North America
BK0420,Corporate,Suite,Online,23-02-25,13,5312.75,58.34,16.31,Asia
BK0421,Leisure,Double,Online,24-02-25,4,1850.93,66.49,21.63,Asia
BK0422,Leisure,Double,Direct,25-02-25,13,209.08,76.58,26.71,Asia
BK0423,Group,Suite,Online,26-02-25,10,2366.79,93,13.73,Australia
BK0424,Leisure,Single,Direct,27-02-25,12,254.49,52.1,21.82,Europe
BK0425,Transient,Single,Agent,28-02-25,11,600.21,50.47,4.01,Australia
BK0426,Transient,Suite,Direct,01-03-25,8,3521.83,84.61,19.34,South America
BK0427,Corporate,Double,Direct,02-03-25,5,2631.84,85.37,25.82,North America
BK0428,Transient,Family,Online,03-03-25,5,314.1,52.48,18.88,Europe
BK0429,Leisure,Family,Direct,04-03-25,5,2232.24,75.86,25.81,South America
BK0430,Corporate,Family,Online,05-03-25,1,4342.45,81.58,7.36,North America
BK0431,Corporate,Family,Direct,06-03-25,14,144.02,50.21,25.96,Europe
BK0432,Leisure,Double,Online,07-03-25,7,2870.72,73.59,7.57,North America
BK0433,Corporate,Single,Agent,08-03-25,10,5321.88,72.01,8.79,South America
BK0434,Corporate,Suite,Online,09-03-25,12,1068.09,84.67,12.82,Asia
BK0435,Leisure,Single,Agent,10-03-25,1,3500.6,94.13,13.22,Asia
BK0436,Leisure,Suite,Direct,11-03-25,1,799.42,78,4.83,Europe
BK0437,Corporate,Suite,Agent,12-03-25,2,2603.35,74.42,2.15,Asia
BK0438,Transient,Family,Online,13-03-25,4,2269.48,51.33,18.01,Asia
BK0439,Leisure,Suite,Direct,14-03-25,2,1088.04,76,3.23,Australia
BK0440,Leisure,Double,Online,15-03-25,5,188.95,66.73,6.12,Australia
BK0441,Leisure,Double,Direct,16-03-25,2,5685.21,60.09,26.32,Australia
BK0442,Leisure,Suite,Direct,17-03-25,14,5256.67,96.22,7.14,Europe
BK0443,Leisure,Single,Agent,18-03-25,3,1900.82,60.08,17.31,Australia
BK0444,Leisure,Family,Agent,19-03-25,6,2508.77,65.68,8.03,North America
BK0445,Corporate,Suite,Agent,20-03-25,13,6048.09,75.78,5.56,North America
BK0446,Group,Suite,Direct,21-03-25,7,1736.94,84.03,21.44,Europe
BK0447,Leisure,Double,Direct,22-03-25,4,4174.33,52.47,20.95,South America
BK0448,Group,Double,Online,23-03-25,14,352.3,53.03,1.99,Australia
BK0449,Group,Family,Online,24-03-25,4,3043.05,90.56,18.79,North America
BK0450,Transient,Suite,Direct,25-03-25,9,1985.68,62.69,30,Asia
BK0451,Group,Double,Agent,26-03-25,11,1003.04,57.62,18,North America
BK0452,Corporate,Suite,Agent,27-03-25,11,2049.1,67.8,27.08,South America
BK0453,Transient,Double,Online,28-03-25,13,3128.13,53.96,27.53,North America
BK0454,Leisure,Suite,Agent,29-03-25,8,1239.65,69.44,13.68,South America
BK0455,Corporate,Single,Online,30-03-25,8,1350.25,54.27,7.6,North America
BK0456,Transient,Suite,Direct,31-03-25,14,3352.61,94.74,19.54,Australia
BK0457,Corporate,Single,Online,01-04-25,1,2879.62,69.99,25.96,Asia
BK0458,Leisure,Double,Direct,02-04-25,3,346.07,61.12,9.76,Europe
BK0459,Leisure,Double,Agent,03-04-25,13,1740.1,96.34,22.81,Asia
BK0460,Corporate,Double,Agent,04-04-25,8,946.2,92.08,1.69,Europe
BK0461,Corporate,Family,Direct,05-04-25,10,362.83,57.73,1.31,Asia
BK0462,Corporate,Suite,Direct,06-04-25,10,602.51,79.62,21.64,North America
BK0463,Leisure,Double,Direct,07-04-25,5,416.57,74.7,28.22,South America
BK0464,Group,Double,Agent,08-04-25,8,565.05,64.23,15.87,North America
BK0465,Leisure,Family,Online,09-04-25,9,2900.62,97.85,6.83,Europe
BK0466,Corporate,Double,Online,10-04-25,10,2927.77,95.13,0.48,Europe
BK0467,Corporate,Single,Agent,11-04-25,4,3317.95,50.2,27,North America
BK0468,Group,Single,Agent,12-04-25,11,5208.19,59.21,25.26,Europe
BK0469,Corporate,Family,Agent,13-04-25,8,3101.62,67.43,5.86,Europe
BK0470,Leisure,Family,Direct,14-04-25,7,278.93,81.15,18.63,Asia
BK0471,Transient,Suite,Online,15-04-25,13,383.18,51.47,0.71,Europe
BK0472,Leisure,Family,Agent,16-04-25,14,4095.6,91.54,0.73,Australia
BK0473,Corporate,Double,Agent,17-04-25,8,2546.93,82.51,6.28,Europe
BK0474,Group,Double,Agent,18-04-25,11,724.55,91.39,1.57,Australia
BK0475,Group,Family,Online,19-04-25,3,1305.77,96.88,23.09,North America
BK0476,Transient,Single,Agent,20-04-25,2,1455.65,61.78,27.83,South America
BK0477,Corporate,Suite,Online,21-04-25,8,1541.95,59.48,15.57,North America
BK0478,Corporate,Suite,Direct,22-04-25,11,1483.62,93.19,12.59,Australia
BK0479,Leisure,Family,Direct,23-04-25,2,306.72,87.22,0.97,South America
BK0480,Group,Family,Agent,24-04-25,9,1310.97,83.67,16.89,Australia
BK0481,Leisure,Family,Direct,25-04-25,5,806.66,75.21,4.86,South America
BK0482,Corporate,Single,Online,26-04-25,7,1702.84,85.73,9.35,North America
BK0483,Leisure,Family,Online,27-04-25,7,353.91,94.59,8.84,Asia
BK0484,Corporate,Suite,Online,28-04-25,10,1233.29,54.26,7.4,South America
BK0485,Transient,Double,Online,29-04-25,7,4168.04,95.88,9.53,South America
BK0486,Corporate,Double,Online,30-04-25,9,6760.76,93.66,6.1,Europe
BK0487,Transient,Family,Agent,01-05-25,8,4917.82,73.25,27.67,Australia
BK0488,Group,Family,Agent,02-05-25,2,1466.26,84.86,24.72,North America
BK0489,Group,Suite,Online,03-05-25,12,1740.28,93.78,16.26,North America
BK0490,Corporate,Single,Online,04-05-25,3,854.63,60.99,16.38,Australia
BK0491,Corporate,Family,Direct,05-05-25,12,1140.77,52.25,21.46,Australia
BK0492,Leisure,Suite,Online,06-05-25,2,929.06,79.72,17.24,North America
BK0493,Corporate,Family,Direct,07-05-25,9,3235.75,75.83,1.03,South America
BK0494,Leisure,Double,Direct,08-05-25,4,2560.67,70.04,26.12,South America
BK0495,Leisure,Single,Online,09-05-25,14,2603.38,60.84,29.32,Australia
BK0496,Group,Suite,Direct,10-05-25,7,1208.41,90.19,9.85,Europe
BK0497,Group,Family,Agent,11-05-25,2,1260.96,81.35,7.13,South America
BK0498,Leisure,Single,Agent,12-05-25,3,127.63,57.1,11.37,Europe
BK0499,Leisure,Single,Online,13-05-25,10,2429.05,51.07,17.83,Europe
BK0500,Corporate,Family,Agent,14-05-25,8,1559.39,71.36,4.21,Australia
